instance,run,status,returncode,vertices,edges,density,best,elapsed_seconds,time_to_best_seconds,publications,consultations,shared_reads,stdout_file,stderr_file
cubic_100.txt,1,ok,0,100,150,0.030303030303030304,84.0,6.424,2.522,16,176,174,run_logs\cubic_100.stdout.txt,run_logs\cubic_100.stderr.txt
cubic_100.txt,2,ok,0,100,150,0.030303030303030304,83.0,5.563,4.913,12,176,174,run_logs\cubic_100.stdout.txt,run_logs\cubic_100.stderr.txt
cubic_100.txt,3,ok,0,100,150,0.030303030303030304,83.0,5.861,3.666,13,176,174,run_logs\cubic_100.stdout.txt,run_logs\cubic_100.stderr.txt
cubic_100.txt,4,ok,0,100,150,0.030303030303030304,82.0,6.457,3.72,11,176,174,run_logs\cubic_100.stdout.txt,run_logs\cubic_100.stderr.txt
cubic_100.txt,5,ok,0,100,150,0.030303030303030304,88.0,5.767,0.562,12,176,174,run_logs\cubic_100.stdout.txt,run_logs\cubic_100.stderr.txt
cubic_100.txt,6,ok,0,100,150,0.030303030303030304,85.0,6.038,0.526,13,176,174,run_logs\cubic_100.stdout.txt,run_logs\cubic_100.stderr.txt
cubic_100.txt,7,ok,0,100,150,0.030303030303030304,84.0,5.585,1.574,16,176,174,run_logs\cubic_100.stdout.txt,run_logs\cubic_100.stderr.txt
cubic_100.txt,8,ok,0,100,150,0.030303030303030304,85.0,5.983,4.363,14,176,174,run_logs\cubic_100.stdout.txt,run_logs\cubic_100.stderr.txt
cubic_100.txt,9,ok,0,100,150,0.030303030303030304,82.0,5.608,4.909,11,176,174,run_logs\cubic_100.stdout.txt,run_logs\cubic_100.stderr.txt
cubic_100.txt,10,ok,0,100,150,0.030303030303030304,84.0,5.732,4.486,14,176,174,run_logs\cubic_100.stdout.txt,run_logs\cubic_100.stderr.txt
cubic_1000.txt,1,ok,0,1000,1500,0.003003003003003003,873.0,23.406,23.402,33,196,194,run_logs\cubic_1000.stdout.txt,run_logs\cubic_1000.stderr.txt
cubic_1000.txt,2,ok,0,1000,1500,0.003003003003003003,876.0,23.457,21.621,37,196,194,run_logs\cubic_1000.stdout.txt,run_logs\cubic_1000.stderr.txt
cubic_1000.txt,3,ok,0,1000,1500,0.003003003003003003,878.0,24.415,5.544,25,197,195,run_logs\cubic_1000.stdout.txt,run_logs\cubic_1000.stderr.txt
cubic_1000.txt,4,ok,0,1000,1500,0.003003003003003003,868.0,23.836,16.788,36,196,194,run_logs\cubic_1000.stdout.txt,run_logs\cubic_1000.stderr.txt
cubic_1000.txt,5,ok,0,1000,1500,0.003003003003003003,873.0,26.754,23.464,32,197,195,run_logs\cubic_1000.stdout.txt,run_logs\cubic_1000.stderr.txt
cubic_1000.txt,6,ok,0,1000,1500,0.003003003003003003,870.0,23.969,13.077,31,196,194,run_logs\cubic_1000.stdout.txt,run_logs\cubic_1000.stderr.txt
cubic_1000.txt,7,ok,0,1000,1500,0.003003003003003003,869.0,23.347,23.344,33,196,194,run_logs\cubic_1000.stdout.txt,run_logs\cubic_1000.stderr.txt
cubic_1000.txt,8,ok,0,1000,1500,0.003003003003003003,869.0,23.339,23.336,33,197,195,run_logs\cubic_1000.stdout.txt,run_logs\cubic_1000.stderr.txt
cubic_1000.txt,9,ok,0,1000,1500,0.003003003003003003,873.0,23.131,17.752,31,196,194,run_logs\cubic_1000.stdout.txt,run_logs\cubic_1000.stderr.txt
cubic_1000.txt,10,ok,0,1000,1500,0.003003003003003003,875.0,22.63,17.21,30,196,194,run_logs\cubic_1000.stdout.txt,run_logs\cubic_1000.stderr.txt
cubic_1100.txt,1,ok,0,1100,1650,0.00272975432211101,948.0,25.345,8.447,27,199,197,run_logs\cubic_1100.stdout.txt,run_logs\cubic_1100.stderr.txt
cubic_1100.txt,2,ok,0,1100,1650,0.00272975432211101,952.0,24.687,23.043,36,198,196,run_logs\cubic_1100.stdout.txt,run_logs\cubic_1100.stderr.txt
cubic_1100.txt,3,ok,0,1100,1650,0.00272975432211101,958.0,24.72,24.716,28,198,196,run_logs\cubic_1100.stdout.txt,run_logs\cubic_1100.stderr.txt
cubic_1100.txt,4,ok,0,1100,1650,0.00272975432211101,949.0,26.453,21.885,30,199,197,run_logs\cubic_1100.stdout.txt,run_logs\cubic_1100.stderr.txt
cubic_1100.txt,5,ok,0,1100,1650,0.00272975432211101,962.0,25.951,24.409,27,199,197,run_logs\cubic_1100.stdout.txt,run_logs\cubic_1100.stderr.txt
cubic_1100.txt,6,ok,0,1100,1650,0.00272975432211101,947.0,24.667,22.117,33,198,196,run_logs\cubic_1100.stdout.txt,run_logs\cubic_1100.stderr.txt
cubic_1100.txt,7,ok,0,1100,1650,0.00272975432211101,964.0,25.52,10.068,27,199,197,run_logs\cubic_1100.stdout.txt,run_logs\cubic_1100.stderr.txt
cubic_1100.txt,8,ok,0,1100,1650,0.00272975432211101,946.0,24.868,24.865,31,198,196,run_logs\cubic_1100.stdout.txt,run_logs\cubic_1100.stderr.txt
cubic_1100.txt,9,ok,0,1100,1650,0.00272975432211101,961.0,24.584,10.72,29,198,196,run_logs\cubic_1100.stdout.txt,run_logs\cubic_1100.stderr.txt
cubic_1100.txt,10,ok,0,1100,1650,0.00272975432211101,959.0,25.578,22.412,26,199,197,run_logs\cubic_1100.stdout.txt,run_logs\cubic_1100.stderr.txt
cubic_1200.txt,1,ok,0,1200,1800,0.0025020850708924102,1050.0,27.629,16.662,37,200,198,run_logs\cubic_1200.stdout.txt,run_logs\cubic_1200.stderr.txt
cubic_1200.txt,2,ok,0,1200,1800,0.0025020850708924102,1050.0,27.077,22.874,33,200,198,run_logs\cubic_1200.stdout.txt,run_logs\cubic_1200.stderr.txt
cubic_1200.txt,3,ok,0,1200,1800,0.0025020850708924102,1041.0,26.34,25.521,33,200,198,run_logs\cubic_1200.stdout.txt,run_logs\cubic_1200.stderr.txt
cubic_1200.txt,4,ok,0,1200,1800,0.0025020850708924102,1043.0,26.571,10.324,29,200,198,run_logs\cubic_1200.stdout.txt,run_logs\cubic_1200.stderr.txt
cubic_1200.txt,5,ok,0,1200,1800,0.0025020850708924102,1041.0,27.267,25.677,29,201,199,run_logs\cubic_1200.stdout.txt,run_logs\cubic_1200.stderr.txt
cubic_1200.txt,6,ok,0,1200,1800,0.0025020850708924102,1041.0,26.473,24.049,29,200,198,run_logs\cubic_1200.stdout.txt,run_logs\cubic_1200.stderr.txt
cubic_1200.txt,7,ok,0,1200,1800,0.0025020850708924102,1046.0,27.632,23.873,23,201,199,run_logs\cubic_1200.stdout.txt,run_logs\cubic_1200.stderr.txt
cubic_1200.txt,8,ok,0,1200,1800,0.0025020850708924102,1036.0,28.292,9.783,30,201,199,run_logs\cubic_1200.stdout.txt,run_logs\cubic_1200.stderr.txt
cubic_1200.txt,9,ok,0,1200,1800,0.0025020850708924102,1046.0,27.461,21.758,33,201,199,run_logs\cubic_1200.stdout.txt,run_logs\cubic_1200.stderr.txt
cubic_1200.txt,10,ok,0,1200,1800,0.0025020850708924102,1039.0,26.868,26.865,32,200,198,run_logs\cubic_1200.stdout.txt,run_logs\cubic_1200.stderr.txt
cubic_1300.txt,1,ok,0,1300,1950,0.0023094688221709007,1138.0,29.066,14.877,34,202,200,run_logs\cubic_1300.stdout.txt,run_logs\cubic_1300.stderr.txt
cubic_1300.txt,2,ok,0,1300,1950,0.0023094688221709007,1136.0,29.691,25.637,35,203,201,run_logs\cubic_1300.stdout.txt,run_logs\cubic_1300.stderr.txt
cubic_1300.txt,3,ok,0,1300,1950,0.0023094688221709007,1136.0,29.655,15.562,29,203,201,run_logs\cubic_1300.stdout.txt,run_logs\cubic_1300.stderr.txt
cubic_1300.txt,4,ok,0,1300,1950,0.0023094688221709007,1126.0,29.825,19.42,37,203,201,run_logs\cubic_1300.stdout.txt,run_logs\cubic_1300.stderr.txt
cubic_1300.txt,5,ok,0,1300,1950,0.0023094688221709007,1137.0,28.587,11.759,27,202,200,run_logs\cubic_1300.stdout.txt,run_logs\cubic_1300.stderr.txt
cubic_1300.txt,6,ok,0,1300,1950,0.0023094688221709007,1133.0,29.342,22.847,41,203,201,run_logs\cubic_1300.stdout.txt,run_logs\cubic_1300.stderr.txt
cubic_1300.txt,7,ok,0,1300,1950,0.0023094688221709007,1145.0,29.154,18.384,35,203,201,run_logs\cubic_1300.stdout.txt,run_logs\cubic_1300.stderr.txt
cubic_1300.txt,8,ok,0,1300,1950,0.0023094688221709007,1123.0,29.518,28.962,29,203,201,run_logs\cubic_1300.stdout.txt,run_logs\cubic_1300.stderr.txt
cubic_1300.txt,9,ok,0,1300,1950,0.0023094688221709007,1140.0,29.271,18.42,30,203,201,run_logs\cubic_1300.stdout.txt,run_logs\cubic_1300.stderr.txt
cubic_1300.txt,10,ok,0,1300,1950,0.0023094688221709007,1134.0,30.28,30.278,37,203,201,run_logs\cubic_1300.stdout.txt,run_logs\cubic_1300.stderr.txt
cubic_1400.txt,1,ok,0,1400,2100,0.002144388849177984,1220.0,30.854,17.956,34,204,202,run_logs\cubic_1400.stdout.txt,run_logs\cubic_1400.stderr.txt
cubic_1400.txt,2,ok,0,1400,2100,0.002144388849177984,1215.0,31.425,23.1,36,205,203,run_logs\cubic_1400.stdout.txt,run_logs\cubic_1400.stderr.txt
cubic_1400.txt,3,ok,0,1400,2100,0.002144388849177984,1206.0,31.045,29.455,40,204,202,run_logs\cubic_1400.stdout.txt,run_logs\cubic_1400.stderr.txt
cubic_1400.txt,4,ok,0,1400,2100,0.002144388849177984,1205.0,31.069,27.041,39,204,202,run_logs\cubic_1400.stdout.txt,run_logs\cubic_1400.stderr.txt
cubic_1400.txt,5,ok,0,1400,2100,0.002144388849177984,1220.0,31.293,20.294,27,204,202,run_logs\cubic_1400.stdout.txt,run_logs\cubic_1400.stderr.txt
cubic_1400.txt,6,ok,0,1400,2100,0.002144388849177984,1227.0,32.14,23.621,39,204,202,run_logs\cubic_1400.stdout.txt,run_logs\cubic_1400.stderr.txt
cubic_1400.txt,7,ok,0,1400,2100,0.002144388849177984,1222.0,31.662,29.939,37,205,203,run_logs\cubic_1400.stdout.txt,run_logs\cubic_1400.stderr.txt
cubic_1400.txt,8,ok,0,1400,2100,0.002144388849177984,1220.0,30.518,18.821,32,204,202,run_logs\cubic_1400.stdout.txt,run_logs\cubic_1400.stderr.txt
cubic_1400.txt,9,ok,0,1400,2100,0.002144388849177984,1227.0,31.505,31.501,28,204,202,run_logs\cubic_1400.stdout.txt,run_logs\cubic_1400.stderr.txt
cubic_1400.txt,10,ok,0,1400,2100,0.002144388849177984,1222.0,30.916,23.074,33,204,202,run_logs\cubic_1400.stdout.txt,run_logs\cubic_1400.stderr.txt
cubic_1500.txt,1,ok,0,1500,2250,0.0020013342228152103,1309.0,33.303,33.301,37,206,204,run_logs\cubic_1500.stdout.txt,run_logs\cubic_1500.stderr.txt
cubic_1500.txt,2,ok,0,1500,2250,0.0020013342228152103,1308.0,33.898,31.258,33,206,204,run_logs\cubic_1500.stdout.txt,run_logs\cubic_1500.stderr.txt
cubic_1500.txt,3,ok,0,1500,2250,0.0020013342228152103,1308.0,33.566,9.069,30,207,205,run_logs\cubic_1500.stdout.txt,run_logs\cubic_1500.stderr.txt
cubic_1500.txt,4,ok,0,1500,2250,0.0020013342228152103,1313.0,33.208,33.205,34,206,204,run_logs\cubic_1500.stdout.txt,run_logs\cubic_1500.stderr.txt
cubic_1500.txt,5,ok,0,1500,2250,0.0020013342228152103,1298.0,33.768,32.211,31,206,204,run_logs\cubic_1500.stdout.txt,run_logs\cubic_1500.stderr.txt
cubic_1500.txt,6,ok,0,1500,2250,0.0020013342228152103,1314.0,32.7,25.19,35,206,204,run_logs\cubic_1500.stdout.txt,run_logs\cubic_1500.stderr.txt
cubic_1500.txt,7,ok,0,1500,2250,0.0020013342228152103,1309.0,34.14,15.027,31,206,204,run_logs\cubic_1500.stdout.txt,run_logs\cubic_1500.stderr.txt
cubic_1500.txt,8,ok,0,1500,2250,0.0020013342228152103,1296.0,34.281,33.442,39,206,204,run_logs\cubic_1500.stdout.txt,run_logs\cubic_1500.stderr.txt
cubic_1500.txt,9,ok,0,1500,2250,0.0020013342228152103,1302.0,33.103,26.225,29,206,204,run_logs\cubic_1500.stdout.txt,run_logs\cubic_1500.stderr.txt
cubic_1500.txt,10,ok,0,1500,2250,0.0020013342228152103,1308.0,33.029,28.679,32,205,203,run_logs\cubic_1500.stdout.txt,run_logs\cubic_1500.stderr.txt
cubic_1600.txt,1,ok,0,1600,2400,0.001876172607879925,1387.0,34.667,22.739,31,207,205,run_logs\cubic_1600.stdout.txt,run_logs\cubic_1600.stderr.txt
cubic_1600.txt,2,ok,0,1600,2400,0.001876172607879925,1391.0,35.854,31.765,34,207,205,run_logs\cubic_1600.stdout.txt,run_logs\cubic_1600.stderr.txt
cubic_1600.txt,3,ok,0,1600,2400,0.001876172607879925,1405.0,34.871,19.045,33,207,205,run_logs\cubic_1600.stdout.txt,run_logs\cubic_1600.stderr.txt
cubic_1600.txt,4,ok,0,1600,2400,0.001876172607879925,1391.0,35.388,17.818,33,208,206,run_logs\cubic_1600.stdout.txt,run_logs\cubic_1600.stderr.txt
cubic_1600.txt,5,ok,0,1600,2400,0.001876172607879925,1408.0,34.273,14.827,33,207,205,run_logs\cubic_1600.stdout.txt,run_logs\cubic_1600.stderr.txt
cubic_1600.txt,6,ok,0,1600,2400,0.001876172607879925,1387.0,35.027,31.698,36,208,206,run_logs\cubic_1600.stdout.txt,run_logs\cubic_1600.stderr.txt
cubic_1600.txt,7,ok,0,1600,2400,0.001876172607879925,1404.0,35.422,29.163,34,208,206,run_logs\cubic_1600.stdout.txt,run_logs\cubic_1600.stderr.txt
cubic_1600.txt,8,ok,0,1600,2400,0.001876172607879925,1401.0,36.342,24.068,41,208,206,run_logs\cubic_1600.stdout.txt,run_logs\cubic_1600.stderr.txt
cubic_1600.txt,9,ok,0,1600,2400,0.001876172607879925,1388.0,34.09,28.186,31,207,205,run_logs\cubic_1600.stdout.txt,run_logs\cubic_1600.stderr.txt
cubic_1600.txt,10,ok,0,1600,2400,0.001876172607879925,1395.0,35.572,28.448,39,208,206,run_logs\cubic_1600.stdout.txt,run_logs\cubic_1600.stderr.txt
cubic_1700.txt,1,ok,0,1700,2550,0.0017657445556209534,1481.0,36.776,31.595,40,209,207,run_logs\cubic_1700.stdout.txt,run_logs\cubic_1700.stderr.txt
cubic_1700.txt,2,ok,0,1700,2550,0.0017657445556209534,1484.0,37.345,23.504,37,210,208,run_logs\cubic_1700.stdout.txt,run_logs\cubic_1700.stderr.txt
cubic_1700.txt,3,ok,0,1700,2550,0.0017657445556209534,1479.0,38.006,38.002,34,210,208,run_logs\cubic_1700.stdout.txt,run_logs\cubic_1700.stderr.txt
cubic_1700.txt,4,ok,0,1700,2550,0.0017657445556209534,1475.0,37.839,36.063,23,210,208,run_logs\cubic_1700.stdout.txt,run_logs\cubic_1700.stderr.txt
cubic_1700.txt,5,ok,0,1700,2550,0.0017657445556209534,1471.0,37.257,26.828,37,209,207,run_logs\cubic_1700.stdout.txt,run_logs\cubic_1700.stderr.txt
cubic_1700.txt,6,ok,0,1700,2550,0.0017657445556209534,1485.0,37.547,22.821,39,210,208,run_logs\cubic_1700.stdout.txt,run_logs\cubic_1700.stderr.txt
cubic_1700.txt,7,ok,0,1700,2550,0.0017657445556209534,1492.0,36.906,33.949,36,209,207,run_logs\cubic_1700.stdout.txt,run_logs\cubic_1700.stderr.txt
cubic_1700.txt,8,ok,0,1700,2550,0.0017657445556209534,1462.0,36.547,24.359,37,209,207,run_logs\cubic_1700.stdout.txt,run_logs\cubic_1700.stderr.txt
cubic_1700.txt,9,ok,0,1700,2550,0.0017657445556209534,1481.0,36.693,27.702,37,209,207,run_logs\cubic_1700.stdout.txt,run_logs\cubic_1700.stderr.txt
cubic_1700.txt,10,ok,0,1700,2550,0.0017657445556209534,1482.0,38.134,14.039,35,210,208,run_logs\cubic_1700.stdout.txt,run_logs\cubic_1700.stderr.txt
cubic_1800.txt,1,ok,0,1800,2700,0.0016675931072818232,1572.0,38.776,22.634,40,211,209,run_logs\cubic_1800.stdout.txt,run_logs\cubic_1800.stderr.txt
cubic_1800.txt,2,ok,0,1800,2700,0.0016675931072818232,1573.0,40.81,7.429,36,212,210,run_logs\cubic_1800.stdout.txt,run_logs\cubic_1800.stderr.txt
cubic_1800.txt,3,ok,0,1800,2700,0.0016675931072818232,1575.0,38.466,19.868,34,211,209,run_logs\cubic_1800.stdout.txt,run_logs\cubic_1800.stderr.txt
cubic_1800.txt,4,ok,0,1800,2700,0.0016675931072818232,1571.0,38.941,37.179,37,211,209,run_logs\cubic_1800.stdout.txt,run_logs\cubic_1800.stderr.txt
cubic_1800.txt,5,ok,0,1800,2700,0.0016675931072818232,1580.0,39.426,36.921,30,212,210,run_logs\cubic_1800.stdout.txt,run_logs\cubic_1800.stderr.txt
cubic_1800.txt,6,ok,0,1800,2700,0.0016675931072818232,1574.0,39.123,32.744,42,211,209,run_logs\cubic_1800.stdout.txt,run_logs\cubic_1800.stderr.txt
cubic_1800.txt,7,ok,0,1800,2700,0.0016675931072818232,1572.0,40.179,32.792,40,211,209,run_logs\cubic_1800.stdout.txt,run_logs\cubic_1800.stderr.txt
cubic_1800.txt,8,ok,0,1800,2700,0.0016675931072818232,1576.0,39.366,27.518,42,211,209,run_logs\cubic_1800.stdout.txt,run_logs\cubic_1800.stderr.txt
cubic_1800.txt,9,ok,0,1800,2700,0.0016675931072818232,1576.0,40.617,22.739,38,212,210,run_logs\cubic_1800.stdout.txt,run_logs\cubic_1800.stderr.txt
cubic_1800.txt,10,ok,0,1800,2700,0.0016675931072818232,1571.0,39.215,17.537,38,211,209,run_logs\cubic_1800.stdout.txt,run_logs\cubic_1800.stderr.txt
cubic_1900.txt,1,ok,0,1900,2850,0.001579778830963665,1664.0,41.168,8.457,40,212,210,run_logs\cubic_1900.stdout.txt,run_logs\cubic_1900.stderr.txt
cubic_1900.txt,2,ok,0,1900,2850,0.001579778830963665,1658.0,40.981,33.913,34,213,211,run_logs\cubic_1900.stdout.txt,run_logs\cubic_1900.stderr.txt
cubic_1900.txt,3,ok,0,1900,2850,0.001579778830963665,1669.0,41.024,40.997,35,212,210,run_logs\cubic_1900.stdout.txt,run_logs\cubic_1900.stderr.txt
cubic_1900.txt,4,ok,0,1900,2850,0.001579778830963665,1659.0,41.403,19.346,38,213,211,run_logs\cubic_1900.stdout.txt,run_logs\cubic_1900.stderr.txt
cubic_1900.txt,5,ok,0,1900,2850,0.001579778830963665,1663.0,41.333,9.368,29,212,210,run_logs\cubic_1900.stdout.txt,run_logs\cubic_1900.stderr.txt
cubic_1900.txt,6,ok,0,1900,2850,0.001579778830963665,1652.0,42.118,35.903,37,212,210,run_logs\cubic_1900.stdout.txt,run_logs\cubic_1900.stderr.txt
cubic_1900.txt,7,ok,0,1900,2850,0.001579778830963665,1667.0,40.978,4.405,32,212,210,run_logs\cubic_1900.stdout.txt,run_logs\cubic_1900.stderr.txt
cubic_1900.txt,8,ok,0,1900,2850,0.001579778830963665,1653.0,42.154,31.095,36,213,211,run_logs\cubic_1900.stdout.txt,run_logs\cubic_1900.stderr.txt
cubic_1900.txt,9,ok,0,1900,2850,0.001579778830963665,1672.0,40.726,8.28,30,213,211,run_logs\cubic_1900.stdout.txt,run_logs\cubic_1900.stderr.txt
cubic_1900.txt,10,ok,0,1900,2850,0.001579778830963665,1660.0,41.254,18.029,40,212,210,run_logs\cubic_1900.stdout.txt,run_logs\cubic_1900.stderr.txt
cubic_200.txt,1,ok,0,200,300,0.01507537688442211,172.0,7.206,3.97,19,178,176,run_logs\cubic_200.stdout.txt,run_logs\cubic_200.stderr.txt
cubic_200.txt,2,ok,0,200,300,0.01507537688442211,170.0,6.901,4.08,17,178,176,run_logs\cubic_200.stdout.txt,run_logs\cubic_200.stderr.txt
cubic_200.txt,3,ok,0,200,300,0.01507537688442211,168.0,7.66,7.658,15,178,176,run_logs\cubic_200.stdout.txt,run_logs\cubic_200.stderr.txt
cubic_200.txt,4,ok,0,200,300,0.01507537688442211,166.0,7.104,6.842,16,178,176,run_logs\cubic_200.stdout.txt,run_logs\cubic_200.stderr.txt
cubic_200.txt,5,ok,0,200,300,0.01507537688442211,173.0,7.417,3.733,18,178,176,run_logs\cubic_200.stdout.txt,run_logs\cubic_200.stderr.txt
cubic_200.txt,6,ok,0,200,300,0.01507537688442211,166.0,7.385,0.719,15,178,176,run_logs\cubic_200.stdout.txt,run_logs\cubic_200.stderr.txt
cubic_200.txt,7,ok,0,200,300,0.01507537688442211,175.0,6.975,3.161,15,178,176,run_logs\cubic_200.stdout.txt,run_logs\cubic_200.stderr.txt
cubic_200.txt,8,ok,0,200,300,0.01507537688442211,170.0,7.283,7.282,15,178,176,run_logs\cubic_200.stdout.txt,run_logs\cubic_200.stderr.txt
cubic_200.txt,9,ok,0,200,300,0.01507537688442211,175.0,7.19,2.272,14,178,176,run_logs\cubic_200.stdout.txt,run_logs\cubic_200.stderr.txt
cubic_200.txt,10,ok,0,200,300,0.01507537688442211,167.0,7.457,6.072,16,178,176,run_logs\cubic_200.stdout.txt,run_logs\cubic_200.stderr.txt
cubic_2000.txt,1,ok,0,2000,3000,0.0015007503751875938,1736.0,42.498,31.401,40,213,211,run_logs\cubic_2000.stdout.txt,run_logs\cubic_2000.stderr.txt
cubic_2000.txt,2,ok,0,2000,3000,0.0015007503751875938,1730.0,43.589,39.711,43,214,212,run_logs\cubic_2000.stdout.txt,run_logs\cubic_2000.stderr.txt
cubic_2000.txt,3,ok,0,2000,3000,0.0015007503751875938,1736.0,47.143,23.137,37,215,213,run_logs\cubic_2000.stdout.txt,run_logs\cubic_2000.stderr.txt
cubic_2000.txt,4,ok,0,2000,3000,0.0015007503751875938,1743.0,43.337,42.43,31,214,212,run_logs\cubic_2000.stdout.txt,run_logs\cubic_2000.stderr.txt
cubic_2000.txt,5,ok,0,2000,3000,0.0015007503751875938,1746.0,44.044,43.261,36,215,213,run_logs\cubic_2000.stdout.txt,run_logs\cubic_2000.stderr.txt
cubic_2000.txt,6,ok,0,2000,3000,0.0015007503751875938,1748.0,42.873,29.967,41,214,212,run_logs\cubic_2000.stdout.txt,run_logs\cubic_2000.stderr.txt
cubic_2000.txt,7,ok,0,2000,3000,0.0015007503751875938,1749.0,43.901,26.052,33,215,213,run_logs\cubic_2000.stdout.txt,run_logs\cubic_2000.stderr.txt
cubic_2000.txt,8,ok,0,2000,3000,0.0015007503751875938,1747.0,43.286,40.497,41,214,212,run_logs\cubic_2000.stdout.txt,run_logs\cubic_2000.stderr.txt
cubic_2000.txt,9,ok,0,2000,3000,0.0015007503751875938,1744.0,42.95,39.383,43,214,212,run_logs\cubic_2000.stdout.txt,run_logs\cubic_2000.stderr.txt
cubic_2000.txt,10,ok,0,2000,3000,0.0015007503751875938,1741.0,42.825,25.301,34,214,212,run_logs\cubic_2000.stdout.txt,run_logs\cubic_2000.stderr.txt
cubic_2100.txt,1,ok,0,2100,3150,0.0014292520247737017,1851.0,46.407,46.403,39,216,214,run_logs\cubic_2100.stdout.txt,run_logs\cubic_2100.stderr.txt
cubic_2100.txt,2,ok,0,2100,3150,0.0014292520247737017,1837.0,44.581,43.713,39,215,213,run_logs\cubic_2100.stdout.txt,run_logs\cubic_2100.stderr.txt
cubic_2100.txt,3,ok,0,2100,3150,0.0014292520247737017,1834.0,45.543,42.638,36,216,214,run_logs\cubic_2100.stdout.txt,run_logs\cubic_2100.stderr.txt
cubic_2100.txt,4,ok,0,2100,3150,0.0014292520247737017,1836.0,45.46,43.598,35,216,214,run_logs\cubic_2100.stdout.txt,run_logs\cubic_2100.stderr.txt
cubic_2100.txt,5,ok,0,2100,3150,0.0014292520247737017,1834.0,45.854,27.216,40,216,214,run_logs\cubic_2100.stdout.txt,run_logs\cubic_2100.stderr.txt
cubic_2100.txt,6,ok,0,2100,3150,0.0014292520247737017,1836.0,45.582,25.102,33,216,214,run_logs\cubic_2100.stdout.txt,run_logs\cubic_2100.stderr.txt
cubic_2100.txt,7,ok,0,2100,3150,0.0014292520247737017,1830.0,45.479,40.146,50,216,214,run_logs\cubic_2100.stdout.txt,run_logs\cubic_2100.stderr.txt
cubic_2100.txt,8,ok,0,2100,3150,0.0014292520247737017,1829.0,45.204,40.607,36,215,213,run_logs\cubic_2100.stdout.txt,run_logs\cubic_2100.stderr.txt
cubic_2100.txt,9,ok,0,2100,3150,0.0014292520247737017,1832.0,47.384,31.625,43,217,215,run_logs\cubic_2100.stdout.txt,run_logs\cubic_2100.stderr.txt
cubic_2100.txt,10,ok,0,2100,3150,0.0014292520247737017,1836.0,45.983,44.091,33,217,215,run_logs\cubic_2100.stdout.txt,run_logs\cubic_2100.stderr.txt
cubic_2200.txt,1,ok,0,2200,3300,0.001364256480218281,1919.0,47.874,35.396,44,217,215,run_logs\cubic_2200.stdout.txt,run_logs\cubic_2200.stderr.txt
cubic_2200.txt,2,ok,0,2200,3300,0.001364256480218281,1928.0,47.477,28.638,38,217,215,run_logs\cubic_2200.stdout.txt,run_logs\cubic_2200.stderr.txt
cubic_2200.txt,3,ok,0,2200,3300,0.001364256480218281,1929.0,48.367,25.687,42,217,215,run_logs\cubic_2200.stdout.txt,run_logs\cubic_2200.stderr.txt
cubic_2200.txt,4,ok,0,2200,3300,0.001364256480218281,1906.0,47.175,40.797,39,217,215,run_logs\cubic_2200.stdout.txt,run_logs\cubic_2200.stderr.txt
cubic_2200.txt,5,ok,0,2200,3300,0.001364256480218281,1922.0,47.259,39.645,43,217,215,run_logs\cubic_2200.stdout.txt,run_logs\cubic_2200.stderr.txt
cubic_2200.txt,6,ok,0,2200,3300,0.001364256480218281,1924.0,47.534,34.131,41,217,215,run_logs\cubic_2200.stdout.txt,run_logs\cubic_2200.stderr.txt
cubic_2200.txt,7,ok,0,2200,3300,0.001364256480218281,1921.0,47.518,20.857,35,217,215,run_logs\cubic_2200.stdout.txt,run_logs\cubic_2200.stderr.txt
cubic_2200.txt,8,ok,0,2200,3300,0.001364256480218281,1908.0,47.426,40.871,43,217,215,run_logs\cubic_2200.stdout.txt,run_logs\cubic_2200.stderr.txt
cubic_2200.txt,9,ok,0,2200,3300,0.001364256480218281,1908.0,47.402,43.805,48,217,215,run_logs\cubic_2200.stdout.txt,run_logs\cubic_2200.stderr.txt
cubic_2200.txt,10,ok,0,2200,3300,0.001364256480218281,1903.0,48.164,45.404,44,217,215,run_logs\cubic_2200.stdout.txt,run_logs\cubic_2200.stderr.txt
cubic_2300.txt,1,ok,0,2300,3450,0.0013049151805132667,2018.0,49.888,37.454,41,219,217,run_logs\cubic_2300.stdout.txt,run_logs\cubic_2300.stderr.txt
cubic_2300.txt,2,ok,0,2300,3450,0.0013049151805132667,2014.0,49.123,29.316,37,219,217,run_logs\cubic_2300.stdout.txt,run_logs\cubic_2300.stderr.txt
cubic_2300.txt,3,ok,0,2300,3450,0.0013049151805132667,2026.0,48.8,23.484,33,219,217,run_logs\cubic_2300.stdout.txt,run_logs\cubic_2300.stderr.txt
cubic_2300.txt,4,ok,0,2300,3450,0.0013049151805132667,2013.0,50.188,49.256,40,219,217,run_logs\cubic_2300.stdout.txt,run_logs\cubic_2300.stderr.txt
cubic_2300.txt,5,ok,0,2300,3450,0.0013049151805132667,2001.0,49.837,32.678,37,219,217,run_logs\cubic_2300.stdout.txt,run_logs\cubic_2300.stderr.txt
cubic_2300.txt,6,ok,0,2300,3450,0.0013049151805132667,2012.0,50.323,37.959,38,219,217,run_logs\cubic_2300.stdout.txt,run_logs\cubic_2300.stderr.txt
cubic_2300.txt,7,ok,0,2300,3450,0.0013049151805132667,2017.0,50.516,34.688,39,219,217,run_logs\cubic_2300.stdout.txt,run_logs\cubic_2300.stderr.txt
cubic_2300.txt,8,ok,0,2300,3450,0.0013049151805132667,2009.0,52.776,51.767,30,219,217,run_logs\cubic_2300.stdout.txt,run_logs\cubic_2300.stderr.txt
cubic_2300.txt,9,ok,0,2300,3450,0.0013049151805132667,2009.0,49.107,22.667,33,218,216,run_logs\cubic_2300.stdout.txt,run_logs\cubic_2300.stderr.txt
cubic_2300.txt,10,ok,0,2300,3450,0.0013049151805132667,2012.0,50.109,21.865,31,219,217,run_logs\cubic_2300.stdout.txt,run_logs\cubic_2300.stderr.txt
cubic_2400.txt,1,ok,0,2400,3600,0.0012505210504376823,2108.0,51.675,43.176,41,219,217,run_logs\cubic_2400.stdout.txt,run_logs\cubic_2400.stderr.txt
cubic_2400.txt,2,ok,0,2400,3600,0.0012505210504376823,2102.0,51.623,49.515,41,220,218,run_logs\cubic_2400.stdout.txt,run_logs\cubic_2400.stderr.txt
cubic_2400.txt,3,ok,0,2400,3600,0.0012505210504376823,2105.0,50.894,30.861,40,220,218,run_logs\cubic_2400.stdout.txt,run_logs\cubic_2400.stderr.txt
cubic_2400.txt,4,ok,0,2400,3600,0.0012505210504376823,2105.0,51.387,40.172,41,220,218,run_logs\cubic_2400.stdout.txt,run_logs\cubic_2400.stderr.txt
cubic_2400.txt,5,ok,0,2400,3600,0.0012505210504376823,2109.0,52.659,32.063,43,220,218,run_logs\cubic_2400.stdout.txt,run_logs\cubic_2400.stderr.txt
cubic_2400.txt,6,ok,0,2400,3600,0.0012505210504376823,2110.0,53.976,28.451,48,220,218,run_logs\cubic_2400.stdout.txt,run_logs\cubic_2400.stderr.txt
cubic_2400.txt,7,ok,0,2400,3600,0.0012505210504376823,2102.0,50.371,42.513,40,219,217,run_logs\cubic_2400.stdout.txt,run_logs\cubic_2400.stderr.txt
cubic_2400.txt,8,ok,0,2400,3600,0.0012505210504376823,2114.0,53.931,45.415,42,221,219,run_logs\cubic_2400.stdout.txt,run_logs\cubic_2400.stderr.txt
cubic_2400.txt,9,ok,0,2400,3600,0.0012505210504376823,2103.0,51.099,38.706,40,220,218,run_logs\cubic_2400.stdout.txt,run_logs\cubic_2400.stderr.txt
cubic_2400.txt,10,ok,0,2400,3600,0.0012505210504376823,2117.0,51.791,41.935,37,221,219,run_logs\cubic_2400.stdout.txt,run_logs\cubic_2400.stderr.txt
cubic_2500.txt,1,ok,0,2500,3750,0.0012004801920768306,2188.0,55.316,30.169,41,222,220,run_logs\cubic_2500.stdout.txt,run_logs\cubic_2500.stderr.txt
cubic_2500.txt,2,ok,0,2500,3750,0.0012004801920768306,2191.0,52.291,44.588,38,221,219,run_logs\cubic_2500.stdout.txt,run_logs\cubic_2500.stderr.txt
cubic_2500.txt,3,ok,0,2500,3750,0.0012004801920768306,2177.0,54.029,38.375,35,222,220,run_logs\cubic_2500.stdout.txt,run_logs\cubic_2500.stderr.txt
cubic_2500.txt,4,ok,0,2500,3750,0.0012004801920768306,2187.0,53.332,52.407,46,221,219,run_logs\cubic_2500.stdout.txt,run_logs\cubic_2500.stderr.txt
cubic_2500.txt,5,ok,0,2500,3750,0.0012004801920768306,2188.0,53.263,31.968,28,221,219,run_logs\cubic_2500.stdout.txt,run_logs\cubic_2500.stderr.txt
cubic_2500.txt,6,ok,0,2500,3750,0.0012004801920768306,2174.0,53.755,48.855,42,221,219,run_logs\cubic_2500.stdout.txt,run_logs\cubic_2500.stderr.txt
cubic_2500.txt,7,ok,0,2500,3750,0.0012004801920768306,2195.0,53.242,33.456,41,221,219,run_logs\cubic_2500.stdout.txt,run_logs\cubic_2500.stderr.txt
cubic_2500.txt,8,ok,0,2500,3750,0.0012004801920768306,2200.0,54.114,13.042,34,222,220,run_logs\cubic_2500.stdout.txt,run_logs\cubic_2500.stderr.txt
cubic_2500.txt,9,ok,0,2500,3750,0.0012004801920768306,2193.0,54.488,47.199,44,222,220,run_logs\cubic_2500.stdout.txt,run_logs\cubic_2500.stderr.txt
cubic_2500.txt,10,ok,0,2500,3750,0.0012004801920768306,2180.0,53.416,40.813,34,221,219,run_logs\cubic_2500.stdout.txt,run_logs\cubic_2500.stderr.txt
cubic_2600.txt,1,ok,0,2600,3900,0.0011542901115813775,2286.0,55.715,55.712,41,223,221,run_logs\cubic_2600.stdout.txt,run_logs\cubic_2600.stderr.txt
cubic_2600.txt,2,ok,0,2600,3900,0.0011542901115813775,2279.0,57.141,26.105,34,223,221,run_logs\cubic_2600.stdout.txt,run_logs\cubic_2600.stderr.txt
cubic_2600.txt,3,ok,0,2600,3900,0.0011542901115813775,2289.0,56.514,17.993,39,223,221,run_logs\cubic_2600.stdout.txt,run_logs\cubic_2600.stderr.txt
cubic_2600.txt,4,ok,0,2600,3900,0.0011542901115813775,2290.0,54.416,51.646,33,222,220,run_logs\cubic_2600.stdout.txt,run_logs\cubic_2600.stderr.txt
cubic_2600.txt,5,ok,0,2600,3900,0.0011542901115813775,2279.0,57.128,56.309,37,224,222,run_logs\cubic_2600.stdout.txt,run_logs\cubic_2600.stderr.txt
cubic_2600.txt,6,ok,0,2600,3900,0.0011542901115813775,2290.0,56.801,56.798,43,224,222,run_logs\cubic_2600.stdout.txt,run_logs\cubic_2600.stderr.txt
cubic_2600.txt,7,ok,0,2600,3900,0.0011542901115813775,2268.0,55.194,43.275,41,223,221,run_logs\cubic_2600.stdout.txt,run_logs\cubic_2600.stderr.txt
cubic_2600.txt,8,ok,0,2600,3900,0.0011542901115813775,2274.0,55.789,33.496,36,223,221,run_logs\cubic_2600.stdout.txt,run_logs\cubic_2600.stderr.txt
cubic_2600.txt,9,ok,0,2600,3900,0.0011542901115813775,2270.0,55.096,45.238,44,223,221,run_logs\cubic_2600.stdout.txt,run_logs\cubic_2600.stderr.txt
cubic_2600.txt,10,ok,0,2600,3900,0.0011542901115813775,2278.0,55.724,49.975,40,223,221,run_logs\cubic_2600.stdout.txt,run_logs\cubic_2600.stderr.txt
cubic_2700.txt,1,ok,0,2700,4050,0.0011115227862171174,2353.0,58.42,58.417,47,225,223,run_logs\cubic_2700.stdout.txt,run_logs\cubic_2700.stderr.txt
cubic_2700.txt,2,ok,0,2700,4050,0.0011115227862171174,2372.0,56.302,55.262,30,224,222,run_logs\cubic_2700.stdout.txt,run_logs\cubic_2700.stderr.txt
cubic_2700.txt,3,ok,0,2700,4050,0.0011115227862171174,2366.0,56.344,15.599,29,224,222,run_logs\cubic_2700.stdout.txt,run_logs\cubic_2700.stderr.txt
cubic_2700.txt,4,ok,0,2700,4050,0.0011115227862171174,2361.0,61.879,47.794,43,225,223,run_logs\cubic_2700.stdout.txt,run_logs\cubic_2700.stderr.txt
cubic_2700.txt,5,ok,0,2700,4050,0.0011115227862171174,2372.0,56.937,22.694,37,224,222,run_logs\cubic_2700.stdout.txt,run_logs\cubic_2700.stderr.txt
cubic_2700.txt,6,ok,0,2700,4050,0.0011115227862171174,2368.0,57.404,53.199,49,224,222,run_logs\cubic_2700.stdout.txt,run_logs\cubic_2700.stderr.txt
cubic_2700.txt,7,ok,0,2700,4050,0.0011115227862171174,2361.0,56.945,45.341,36,224,222,run_logs\cubic_2700.stdout.txt,run_logs\cubic_2700.stderr.txt
cubic_2700.txt,8,ok,0,2700,4050,0.0011115227862171174,2357.0,59.279,49.35,54,225,223,run_logs\cubic_2700.stdout.txt,run_logs\cubic_2700.stderr.txt
cubic_2700.txt,9,ok,0,2700,4050,0.0011115227862171174,2360.0,58.709,56.504,46,224,222,run_logs\cubic_2700.stdout.txt,run_logs\cubic_2700.stderr.txt
cubic_2700.txt,10,ok,0,2700,4050,0.0011115227862171174,2357.0,60.839,52.703,50,225,223,run_logs\cubic_2700.stdout.txt,run_logs\cubic_2700.stderr.txt
cubic_2800.txt,1,ok,0,2800,4200,0.0010718113612004287,2467.0,63.69,29.833,46,226,224,run_logs\cubic_2800.stdout.txt,run_logs\cubic_2800.stderr.txt
cubic_2800.txt,2,ok,0,2800,4200,0.0010718113612004287,2450.0,65.419,42.285,38,225,223,run_logs\cubic_2800.stdout.txt,run_logs\cubic_2800.stderr.txt
cubic_2800.txt,3,ok,0,2800,4200,0.0010718113612004287,2460.0,67.188,64.344,45,226,224,run_logs\cubic_2800.stdout.txt,run_logs\cubic_2800.stderr.txt
cubic_2800.txt,4,ok,0,2800,4200,0.0010718113612004287,2446.0,59.025,53.301,39,226,224,run_logs\cubic_2800.stdout.txt,run_logs\cubic_2800.stderr.txt
cubic_2800.txt,5,ok,0,2800,4200,0.0010718113612004287,2454.0,57.968,52.161,48,225,223,run_logs\cubic_2800.stdout.txt,run_logs\cubic_2800.stderr.txt
cubic_2800.txt,6,ok,0,2800,4200,0.0010718113612004287,2462.0,59.143,53.935,39,226,224,run_logs\cubic_2800.stdout.txt,run_logs\cubic_2800.stderr.txt
cubic_2800.txt,7,ok,0,2800,4200,0.0010718113612004287,2446.0,59.439,47.235,39,226,224,run_logs\cubic_2800.stdout.txt,run_logs\cubic_2800.stderr.txt
cubic_2800.txt,8,ok,0,2800,4200,0.0010718113612004287,2455.0,60.543,39.47,39,226,224,run_logs\cubic_2800.stdout.txt,run_logs\cubic_2800.stderr.txt
cubic_2800.txt,9,ok,0,2800,4200,0.0010718113612004287,2460.0,58.366,52.371,53,225,223,run_logs\cubic_2800.stdout.txt,run_logs\cubic_2800.stderr.txt
cubic_2800.txt,10,ok,0,2800,4200,0.0010718113612004287,2445.0,59.525,49.538,45,226,224,run_logs\cubic_2800.stdout.txt,run_logs\cubic_2800.stderr.txt
cubic_2900.txt,1,ok,0,2900,4350,0.0010348395998620215,2540.0,86.203,49.234,44,226,224,run_logs\cubic_2900.stdout.txt,run_logs\cubic_2900.stderr.txt
cubic_2900.txt,2,ok,0,2900,4350,0.0010348395998620215,2519.0,77.05,69.733,48,225,223,run_logs\cubic_2900.stdout.txt,run_logs\cubic_2900.stderr.txt
cubic_2900.txt,3,ok,0,2900,4350,0.0010348395998620215,2529.0,72.251,69.813,43,225,223,run_logs\cubic_2900.stdout.txt,run_logs\cubic_2900.stderr.txt
cubic_2900.txt,4,ok,0,2900,4350,0.0010348395998620215,2535.0,73.153,46.73,43,225,223,run_logs\cubic_2900.stdout.txt,run_logs\cubic_2900.stderr.txt
cubic_2900.txt,5,ok,0,2900,4350,0.0010348395998620215,2525.0,74.632,63.225,47,225,223,run_logs\cubic_2900.stdout.txt,run_logs\cubic_2900.stderr.txt
cubic_2900.txt,6,ok,0,2900,4350,0.0010348395998620215,2550.0,77.538,40.772,38,224,222,run_logs\cubic_2900.stdout.txt,run_logs\cubic_2900.stderr.txt
cubic_2900.txt,7,ok,0,2900,4350,0.0010348395998620215,2542.0,75.383,61.923,41,224,222,run_logs\cubic_2900.stdout.txt,run_logs\cubic_2900.stderr.txt
cubic_2900.txt,8,ok,0,2900,4350,0.0010348395998620215,2547.0,69.883,43.298,53,225,223,run_logs\cubic_2900.stdout.txt,run_logs\cubic_2900.stderr.txt
cubic_2900.txt,9,ok,0,2900,4350,0.0010348395998620215,2535.0,73.128,54.801,36,225,223,run_logs\cubic_2900.stdout.txt,run_logs\cubic_2900.stderr.txt
cubic_2900.txt,10,ok,0,2900,4350,0.0010348395998620215,2520.0,73.918,65.242,44,225,223,run_logs\cubic_2900.stdout.txt,run_logs\cubic_2900.stderr.txt
cubic_300.txt,1,ok,0,300,450,0.010033444816053512,259.0,10.268,8.574,21,180,178,run_logs\cubic_300.stdout.txt,run_logs\cubic_300.stderr.txt
cubic_300.txt,2,ok,0,300,450,0.010033444816053512,257.0,10.233,6.229,17,180,178,run_logs\cubic_300.stdout.txt,run_logs\cubic_300.stderr.txt
cubic_300.txt,3,ok,0,300,450,0.010033444816053512,255.0,10.868,5.426,22,181,179,run_logs\cubic_300.stdout.txt,run_logs\cubic_300.stderr.txt
cubic_300.txt,4,ok,0,300,450,0.010033444816053512,251.0,11.216,6.523,18,180,178,run_logs\cubic_300.stdout.txt,run_logs\cubic_300.stderr.txt
cubic_300.txt,5,ok,0,300,450,0.010033444816053512,262.0,10.766,8.119,18,180,178,run_logs\cubic_300.stdout.txt,run_logs\cubic_300.stderr.txt
cubic_300.txt,6,ok,0,300,450,0.010033444816053512,258.0,10.075,7.132,19,180,178,run_logs\cubic_300.stdout.txt,run_logs\cubic_300.stderr.txt
cubic_300.txt,7,ok,0,300,450,0.010033444816053512,260.0,13.454,13.159,22,180,178,run_logs\cubic_300.stdout.txt,run_logs\cubic_300.stderr.txt
cubic_300.txt,8,ok,0,300,450,0.010033444816053512,255.0,10.251,8.569,20,180,178,run_logs\cubic_300.stdout.txt,run_logs\cubic_300.stderr.txt
cubic_300.txt,9,ok,0,300,450,0.010033444816053512,263.0,13.016,4.035,19,180,178,run_logs\cubic_300.stdout.txt,run_logs\cubic_300.stderr.txt
cubic_300.txt,10,ok,0,300,450,0.010033444816053512,256.0,15.812,14.963,19,180,178,run_logs\cubic_300.stdout.txt,run_logs\cubic_300.stderr.txt
cubic_3000.txt,1,ok,0,3000,4500,0.0010003334444814939,2632.0,111.264,108.403,44,228,226,run_logs\cubic_3000.stdout.txt,run_logs\cubic_3000.stderr.txt
cubic_3000.txt,2,ok,0,3000,4500,0.0010003334444814939,2618.0,80.529,78.156,41,227,225,run_logs\cubic_3000.stdout.txt,run_logs\cubic_3000.stderr.txt
cubic_3000.txt,3,ok,0,3000,4500,0.0010003334444814939,2634.0,72.744,32.957,37,225,223,run_logs\cubic_3000.stdout.txt,run_logs\cubic_3000.stderr.txt
cubic_3000.txt,4,ok,0,3000,4500,0.0010003334444814939,2635.0,95.163,16.541,33,229,227,run_logs\cubic_3000.stdout.txt,run_logs\cubic_3000.stderr.txt
cubic_3000.txt,5,ok,0,3000,4500,0.0010003334444814939,2637.0,76.652,75.822,36,230,228,run_logs\cubic_3000.stdout.txt,run_logs\cubic_3000.stderr.txt
cubic_3000.txt,6,ok,0,3000,4500,0.0010003334444814939,2633.0,71.467,51.652,41,229,227,run_logs\cubic_3000.stdout.txt,run_logs\cubic_3000.stderr.txt
cubic_3000.txt,7,ok,0,3000,4500,0.0010003334444814939,2639.0,81.314,29.634,36,227,225,run_logs\cubic_3000.stdout.txt,run_logs\cubic_3000.stderr.txt
cubic_3000.txt,8,ok,0,3000,4500,0.0010003334444814939,2635.0,75.144,61.047,30,227,225,run_logs\cubic_3000.stdout.txt,run_logs\cubic_3000.stderr.txt
cubic_3000.txt,9,ok,0,3000,4500,0.0010003334444814939,2651.0,73.453,32.388,41,226,224,run_logs\cubic_3000.stdout.txt,run_logs\cubic_3000.stderr.txt
cubic_3000.txt,10,ok,0,3000,4500,0.0010003334444814939,2645.0,74.767,66.031,42,227,225,run_logs\cubic_3000.stdout.txt,run_logs\cubic_3000.stderr.txt
cubic_400.txt,1,ok,0,400,600,0.007518796992481203,346.0,12.108,5.252,23,182,180,run_logs\cubic_400.stdout.txt,run_logs\cubic_400.stderr.txt
cubic_400.txt,2,ok,0,400,600,0.007518796992481203,350.0,12.796,12.793,24,182,180,run_logs\cubic_400.stdout.txt,run_logs\cubic_400.stderr.txt
cubic_400.txt,3,ok,0,400,600,0.007518796992481203,343.0,12.173,3.34,21,183,181,run_logs\cubic_400.stdout.txt,run_logs\cubic_400.stderr.txt
cubic_400.txt,4,ok,0,400,600,0.007518796992481203,349.0,13.214,8.698,21,183,181,run_logs\cubic_400.stdout.txt,run_logs\cubic_400.stderr.txt
cubic_400.txt,5,ok,0,400,600,0.007518796992481203,352.0,12.139,3.675,19,183,181,run_logs\cubic_400.stdout.txt,run_logs\cubic_400.stderr.txt
cubic_400.txt,6,ok,0,400,600,0.007518796992481203,344.0,15.18,12.944,18,183,181,run_logs\cubic_400.stdout.txt,run_logs\cubic_400.stderr.txt
cubic_400.txt,7,ok,0,400,600,0.007518796992481203,346.0,18.812,18.805,23,183,181,run_logs\cubic_400.stdout.txt,run_logs\cubic_400.stderr.txt
cubic_400.txt,8,ok,0,400,600,0.007518796992481203,343.0,19.673,14.475,20,183,181,run_logs\cubic_400.stdout.txt,run_logs\cubic_400.stderr.txt
cubic_400.txt,9,ok,0,400,600,0.007518796992481203,338.0,13.485,3.446,23,183,181,run_logs\cubic_400.stdout.txt,run_logs\cubic_400.stderr.txt
cubic_400.txt,10,ok,0,400,600,0.007518796992481203,346.0,12.523,10.701,19,182,180,run_logs\cubic_400.stdout.txt,run_logs\cubic_400.stderr.txt
cubic_500.txt,1,ok,0,500,750,0.006012024048096192,436.0,14.459,13.679,19,185,183,run_logs\cubic_500.stdout.txt,run_logs\cubic_500.stderr.txt
cubic_500.txt,2,ok,0,500,750,0.006012024048096192,430.0,14.213,13.452,21,185,183,run_logs\cubic_500.stdout.txt,run_logs\cubic_500.stderr.txt
cubic_500.txt,3,ok,0,500,750,0.006012024048096192,429.0,14.598,14.595,21,185,183,run_logs\cubic_500.stdout.txt,run_logs\cubic_500.stderr.txt
cubic_500.txt,4,ok,0,500,750,0.006012024048096192,439.0,14.586,2.295,20,185,183,run_logs\cubic_500.stdout.txt,run_logs\cubic_500.stderr.txt
cubic_500.txt,5,ok,0,500,750,0.006012024048096192,437.0,14.125,1.166,24,185,183,run_logs\cubic_500.stdout.txt,run_logs\cubic_500.stderr.txt
cubic_500.txt,6,ok,0,500,750,0.006012024048096192,435.0,14.577,7.958,29,185,183,run_logs\cubic_500.stdout.txt,run_logs\cubic_500.stderr.txt
cubic_500.txt,7,ok,0,500,750,0.006012024048096192,434.0,15.371,9.668,18,185,183,run_logs\cubic_500.stdout.txt,run_logs\cubic_500.stderr.txt
cubic_500.txt,8,ok,0,500,750,0.006012024048096192,429.0,16.9,15.874,19,184,182,run_logs\cubic_500.stdout.txt,run_logs\cubic_500.stderr.txt
cubic_500.txt,9,ok,0,500,750,0.006012024048096192,433.0,14.472,2.918,23,185,183,run_logs\cubic_500.stdout.txt,run_logs\cubic_500.stderr.txt
cubic_500.txt,10,ok,0,500,750,0.006012024048096192,427.0,15.087,15.085,23,185,183,run_logs\cubic_500.stdout.txt,run_logs\cubic_500.stderr.txt
cubic_600.txt,1,ok,0,600,900,0.005008347245409015,520.0,16.664,2.912,20,187,185,run_logs\cubic_600.stdout.txt,run_logs\cubic_600.stderr.txt
cubic_600.txt,2,ok,0,600,900,0.005008347245409015,518.0,16.494,8.143,20,187,185,run_logs\cubic_600.stdout.txt,run_logs\cubic_600.stderr.txt
cubic_600.txt,3,ok,0,600,900,0.005008347245409015,516.0,16.136,12.735,23,187,185,run_logs\cubic_600.stdout.txt,run_logs\cubic_600.stderr.txt
cubic_600.txt,4,ok,0,600,900,0.005008347245409015,518.0,16.427,1.338,19,187,185,run_logs\cubic_600.stdout.txt,run_logs\cubic_600.stderr.txt
cubic_600.txt,5,ok,0,600,900,0.005008347245409015,517.0,16.192,7.449,21,187,185,run_logs\cubic_600.stdout.txt,run_logs\cubic_600.stderr.txt
cubic_600.txt,6,ok,0,600,900,0.005008347245409015,518.0,16.493,9.494,19,187,185,run_logs\cubic_600.stdout.txt,run_logs\cubic_600.stderr.txt
cubic_600.txt,7,ok,0,600,900,0.005008347245409015,516.0,16.972,11.807,24,187,185,run_logs\cubic_600.stdout.txt,run_logs\cubic_600.stderr.txt
cubic_600.txt,8,ok,0,600,900,0.005008347245409015,514.0,16.602,15.788,24,187,185,run_logs\cubic_600.stdout.txt,run_logs\cubic_600.stderr.txt
cubic_600.txt,9,ok,0,600,900,0.005008347245409015,520.0,22.586,21.754,27,187,185,run_logs\cubic_600.stdout.txt,run_logs\cubic_600.stderr.txt
cubic_600.txt,10,ok,0,600,900,0.005008347245409015,517.0,21.055,5.303,24,187,185,run_logs\cubic_600.stdout.txt,run_logs\cubic_600.stderr.txt
cubic_700.txt,1,ok,0,700,1050,0.004291845493562232,599.0,24.63,22.453,33,189,187,run_logs\cubic_700.stdout.txt,run_logs\cubic_700.stderr.txt
cubic_700.txt,2,ok,0,700,1050,0.004291845493562232,603.0,22.617,10.709,23,189,187,run_logs\cubic_700.stdout.txt,run_logs\cubic_700.stderr.txt
cubic_700.txt,3,ok,0,700,1050,0.004291845493562232,603.0,22.94,19.899,21,189,187,run_logs\cubic_700.stdout.txt,run_logs\cubic_700.stderr.txt
cubic_700.txt,4,ok,0,700,1050,0.004291845493562232,610.0,23.969,20.325,21,189,187,run_logs\cubic_700.stdout.txt,run_logs\cubic_700.stderr.txt
cubic_700.txt,5,ok,0,700,1050,0.004291845493562232,606.0,25.891,12.802,29,189,187,run_logs\cubic_700.stdout.txt,run_logs\cubic_700.stderr.txt
cubic_700.txt,6,ok,0,700,1050,0.004291845493562232,605.0,22.059,20.56,26,189,187,run_logs\cubic_700.stdout.txt,run_logs\cubic_700.stderr.txt
cubic_700.txt,7,ok,0,700,1050,0.004291845493562232,604.0,22.175,17.441,27,190,188,run_logs\cubic_700.stdout.txt,run_logs\cubic_700.stderr.txt
cubic_700.txt,8,ok,0,700,1050,0.004291845493562232,592.0,21.192,21.189,26,190,188,run_logs\cubic_700.stdout.txt,run_logs\cubic_700.stderr.txt
cubic_700.txt,9,ok,0,700,1050,0.004291845493562232,602.0,19.433,18.57,24,190,188,run_logs\cubic_700.stdout.txt,run_logs\cubic_700.stderr.txt
cubic_700.txt,10,ok,0,700,1050,0.004291845493562232,607.0,20.685,7.11,25,190,188,run_logs\cubic_700.stdout.txt,run_logs\cubic_700.stderr.txt
cubic_800.txt,1,ok,0,800,1200,0.0037546933667083854,693.0,25.421,25.417,29,191,189,run_logs\cubic_800.stdout.txt,run_logs\cubic_800.stderr.txt
cubic_800.txt,2,ok,0,800,1200,0.0037546933667083854,697.0,26.974,22.364,26,193,191,run_logs\cubic_800.stdout.txt,run_logs\cubic_800.stderr.txt
cubic_800.txt,3,ok,0,800,1200,0.0037546933667083854,696.0,17.729,14.942,29,192,190,run_logs\cubic_800.stdout.txt,run_logs\cubic_800.stderr.txt
cubic_800.txt,4,ok,0,800,1200,0.0037546933667083854,691.0,17.785,12.896,27,192,190,run_logs\cubic_800.stdout.txt,run_logs\cubic_800.stderr.txt
cubic_800.txt,5,ok,0,800,1200,0.0037546933667083854,692.0,18.828,15.432,28,192,190,run_logs\cubic_800.stdout.txt,run_logs\cubic_800.stderr.txt
cubic_800.txt,6,ok,0,800,1200,0.0037546933667083854,693.0,18.63,9.613,26,193,191,run_logs\cubic_800.stdout.txt,run_logs\cubic_800.stderr.txt
cubic_800.txt,7,ok,0,800,1200,0.0037546933667083854,697.0,18.438,12.76,27,192,190,run_logs\cubic_800.stdout.txt,run_logs\cubic_800.stderr.txt
cubic_800.txt,8,ok,0,800,1200,0.0037546933667083854,691.0,19.36,13.695,30,193,191,run_logs\cubic_800.stdout.txt,run_logs\cubic_800.stderr.txt
cubic_800.txt,9,ok,0,800,1200,0.0037546933667083854,690.0,24.831,18.173,28,191,189,run_logs\cubic_800.stdout.txt,run_logs\cubic_800.stderr.txt
cubic_800.txt,10,ok,0,800,1200,0.0037546933667083854,701.0,23.642,18.723,24,191,189,run_logs\cubic_800.stdout.txt,run_logs\cubic_800.stderr.txt
cubic_900.txt,1,ok,0,900,1350,0.0033370411568409346,787.0,24.655,20.327,27,193,191,run_logs\cubic_900.stdout.txt,run_logs\cubic_900.stderr.txt
cubic_900.txt,2,ok,0,900,1350,0.0033370411568409346,783.0,25.025,14.128,25,193,191,run_logs\cubic_900.stdout.txt,run_logs\cubic_900.stderr.txt
cubic_900.txt,3,ok,0,900,1350,0.0033370411568409346,784.0,25.223,23.62,31,193,191,run_logs\cubic_900.stdout.txt,run_logs\cubic_900.stderr.txt
cubic_900.txt,4,ok,0,900,1350,0.0033370411568409346,780.0,27.382,19.622,23,193,191,run_logs\cubic_900.stdout.txt,run_logs\cubic_900.stderr.txt
cubic_900.txt,5,ok,0,900,1350,0.0033370411568409346,794.0,22.958,15.561,28,193,191,run_logs\cubic_900.stdout.txt,run_logs\cubic_900.stderr.txt
cubic_900.txt,6,ok,0,900,1350,0.0033370411568409346,784.0,22.633,18.89,26,193,191,run_logs\cubic_900.stdout.txt,run_logs\cubic_900.stderr.txt
cubic_900.txt,7,ok,0,900,1350,0.0033370411568409346,781.0,23.346,10.398,28,194,192,run_logs\cubic_900.stdout.txt,run_logs\cubic_900.stderr.txt
cubic_900.txt,8,ok,0,900,1350,0.0033370411568409346,777.0,22.789,15.975,27,193,191,run_logs\cubic_900.stdout.txt,run_logs\cubic_900.stderr.txt
cubic_900.txt,9,ok,0,900,1350,0.0033370411568409346,775.0,23.876,20.944,24,194,192,run_logs\cubic_900.stdout.txt,run_logs\cubic_900.stderr.txt
cubic_900.txt,10,ok,0,900,1350,0.0033370411568409346,780.0,23.496,18.526,31,193,191,run_logs\cubic_900.stdout.txt,run_logs\cubic_900.stderr.txt
