instance,vertices,edges,density,runs_ok,best,mean,worst,stdev,time_min,time_mean,time_max,time_stdev,time_to_best_mean,publications_mean,consultations_mean,shared_reads_mean,z_pli,t_pli,z_ag,t_ag,z_best_ref,gap_percent,pub_aco_mean,cons_aco_mean,best_aco_mean,pub_ts_mean,cons_ts_mean,best_ts_mean,pub_rvns_mean,cons_rvns_mean,best_rvns_mean,pub_hho_mean,cons_hho_mean,best_hho_mean
cubic_100.txt,100,150,0.030303030303030304,10,82.0,84.0,88.0,1.7638342073763937,5.563,5.9018,6.457,0.3259545980654362,3.1241,13.2,176.0,174.0,,,,,,nan,4.3,8.0,85.8,1.9,80.0,109.8,2.8,80.0,109.8,4.2,8.0,84.9
cubic_1000.txt,1000,1500,0.003003003003003003,10,868.0,872.4,878.0,3.339993346633426,22.63,23.8284,26.754,1.1369163166702783,18.553800000000003,32.1,196.3,194.3,,,,,,nan,18.1,28.3,872.4,5.1,80.0,1089.9,5.3,80.0,1089.8,3.6,8.0,889.0
cubic_1100.txt,1100,1650,0.00272975432211101,10,946.0,954.6,964.0,6.899275324264136,24.584,25.237299999999998,26.453,0.6371589806843081,19.2682,29.4,198.5,196.5,,,,,,nan,16.4,30.5,954.7,5.0,80.0,1217.8,4.5,80.0,1218.0,3.5,8.0,965.7
cubic_1200.txt,1200,1800,0.0025020850708924102,10,1036.0,1043.3,1050.0,4.620004810002306,26.34,27.161,28.292,0.6155081008583257,20.738599999999998,30.8,200.4,198.4,,,,,,nan,15.9,32.4,1043.5,5.4,80.0,1322.8,5.5,80.0,1322.9,4.0,8.0,1053.3
cubic_1300.txt,1300,1950,0.0023094688221709007,10,1123.0,1134.8,1145.0,6.408327915038888,28.587,29.4389,30.28,0.46625802346388073,20.614600000000003,33.4,202.8,200.8,,,,,,nan,18.3,34.8,1135.2,5.7,80.0,1428.2,6.0,80.0,1428.1,3.4,8.0,1146.6
cubic_1400.txt,1400,2100,0.002144388849177984,10,1205.0,1218.4,1227.0,7.647802879839993,30.518,31.242700000000003,32.14,0.46401533739019146,24.4802,34.5,204.2,202.2,,,,,,nan,20.7,36.2,1218.4,6.1,80.0,1549.2,4.6,80.0,1549.5,3.1,8.0,1234.1
cubic_1500.txt,1500,2250,0.0020013342228152103,10,1296.0,1306.5,1314.0,5.9675045966560525,32.7,33.4996,34.281,0.516146663050123,26.760699999999996,33.1,206.0,204.0,,,,,,nan,18.6,38.0,1306.6,5.5,80.0,1663.2,5.8,80.0,1662.9,3.2,8.0,1321.2
cubic_1600.txt,1600,2400,0.001876172607879925,10,1387.0,1395.7,1408.0,8.097324661063471,34.09,35.150600000000004,36.342,0.7027071778328264,24.7757,34.5,207.5,205.5,,,,,,nan,19.7,39.5,1395.7,6.2,80.0,1765.1,5.4,80.0,1765.3,3.2,8.0,1413.2
cubic_1700.txt,1700,2550,0.0017657445556209534,10,1462.0,1479.2,1492.0,8.270429251254132,36.547,37.305,38.134,0.5690553575883459,27.886200000000002,35.5,209.5,207.5,,,,,,nan,21.0,41.5,1479.2,5.4,80.0,1878.9,5.8,80.0,1878.9,3.3,8.0,1496.3
cubic_1800.txt,1800,2700,0.0016675931072818232,10,1571.0,1574.0,1580.0,2.8284271247461903,38.466,39.4919,40.81,0.7871730644104462,25.7361,37.7,211.3,209.3,,,,,,nan,22.3,43.3,1574.0,5.6,80.0,1985.0,6.4,80.0,1984.6,3.4,8.0,1585.8
cubic_1900.txt,1900,2850,0.001579778830963665,10,1652.0,1661.7,1672.0,6.566751268490548,40.726,41.313900000000004,42.154,0.4759601874106708,20.979300000000002,35.1,212.4,210.4,,,,,,nan,18.7,44.4,1663.0,6.2,80.0,2097.6,7.1,80.0,2097.1,3.1,8.0,1672.7
cubic_200.txt,200,300,0.01507537688442211,10,166.0,170.2,175.0,3.457680661303984,6.901,7.2578000000000005,7.66,0.23137790156653543,4.5789,16.0,178.0,176.0,,,,,,nan,5.4,10.0,171.5,2.3,80.0,221.4,3.2,80.0,221.4,5.1,8.0,172.2
cubic_2000.txt,2000,3000,0.0015007503751875938,10,1730.0,1742.0,1749.0,6.21825270205921,42.498,43.644600000000004,47.143,1.3230704356827636,34.114,37.9,214.2,212.2,,,,,,nan,22.8,46.2,1742.0,5.9,80.0,2204.3,6.2,80.0,2203.9,3.0,8.0,1760.8
cubic_2100.txt,2100,3150,0.0014292520247737017,10,1829.0,1835.5,1851.0,6.078194176270157,44.581,45.747699999999995,47.384,0.7498109465428963,38.5139,38.4,216.0,214.0,,,,,,nan,22.7,48.0,1835.5,6.5,80.0,2316.1,5.9,80.0,2316.1,3.3,8.0,1852.9
cubic_2200.txt,2200,3300,0.001364256480218281,10,1903.0,1916.8,1929.0,9.647106647418523,47.175,47.619600000000005,48.367,0.39018719154329573,35.5231,41.7,217.0,215.0,,,,,,nan,25.3,49.0,1916.8,6.8,80.0,2434.5,6.7,80.0,2433.3,2.9,8.0,1943.3
cubic_2300.txt,2300,3450,0.0013049151805132667,10,2001.0,2013.1,2026.0,6.573515886579351,48.8,50.066700000000004,52.776,1.1118147377648464,34.1134,35.9,218.9,216.9,,,,,,nan,21.5,50.9,2013.3,6.6,80.0,2548.5,5.2,80.0,2549.3,2.6,8.0,2033.9
cubic_2400.txt,2400,3600,0.0012505210504376823,10,2102.0,2107.5,2117.0,5.104464277037851,50.371,51.940599999999996,53.976,1.2196637241469466,39.2807,41.3,220.0,218.0,,,,,,nan,25.5,52.0,2107.5,6.8,80.0,2646.1,6.2,80.0,2645.8,2.8,8.0,2131.1
cubic_2500.txt,2500,3750,0.0012004801920768306,10,2174.0,2187.3,2200.0,8.192815280611557,52.291,53.724599999999995,55.316,0.8240216016585988,38.0872,38.3,221.4,219.4,,,,,,nan,22.6,53.4,2187.8,6.6,80.0,2763.3,6.3,80.0,2763.8,2.8,8.0,2207.2
cubic_2600.txt,2600,3900,0.0011542901115813775,10,2268.0,2280.3,2290.0,8.179242018671411,54.416,55.951800000000006,57.141,0.9210295929616554,43.654700000000005,38.8,223.1,221.1,,,,,,nan,22.0,55.1,2280.5,7.5,80.0,2879.2,6.1,80.0,2880.1,3.2,8.0,2294.3
cubic_2700.txt,2700,4050,0.0011115227862171174,10,2353.0,2362.7,2372.0,6.532823109328598,56.302,58.3058,61.879,1.9064247398963556,45.6863,42.1,224.4,222.4,,,,,,nan,25.3,56.4,2362.7,7.4,80.0,2996.7,6.5,80.0,2996.7,2.9,8.0,2388.2
cubic_2800.txt,2800,4200,0.0010718113612004287,10,2445.0,2454.5,2467.0,7.663042621715099,57.968,61.03060000000001,67.188,3.220539816725002,48.4473,43.1,225.7,223.7,,,,,,nan,27.1,57.7,2454.5,7.8,80.0,3098.7,6.1,80.0,3099.4,2.1,8.0,2481.9
cubic_2900.txt,2900,4350,0.0010348395998620215,10,2519.0,2534.2,2550.0,10.819735055289787,69.883,75.3139,86.203,4.4381570361781675,56.47709999999999,43.7,224.9,222.9,,,,,,nan,26.7,56.9,2534.2,7.5,80.0,3226.7,6.9,80.0,3226.0,2.6,8.0,2560.7
cubic_300.txt,300,450,0.010033444816053512,10,251.0,257.6,263.0,3.5962943891363137,10.075,11.5959,15.812,1.8959114753126587,8.2729,19.5,180.1,178.1,,,,,,nan,7.3,12.1,259.5,3.5,80.0,328.7,3.8,80.0,328.7,4.9,8.0,259.3
cubic_3000.txt,3000,4500,0.0010003334444814939,10,2618.0,2635.9,2651.0,8.633912464488185,71.467,81.24969999999999,111.264,12.579711019909972,55.263099999999994,38.1,227.5,225.5,,,,,,nan,22.2,59.5,2638.1,6.3,80.0,3320.5,6.4,80.0,3320.3,3.2,8.0,2647.9
cubic_400.txt,400,600,0.007518796992481203,10,338.0,345.7,352.0,4.029061098237818,12.108,14.2103,19.673,2.812343666766208,9.4129,21.1,182.7,180.7,,,,,,nan,9.1,14.7,347.7,3.3,80.0,438.8,4.0,80.0,438.8,4.7,8.0,347.3
cubic_500.txt,500,750,0.006012024048096192,10,427.0,432.9,439.0,3.984692933938295,14.125,14.8388,16.9,0.8140259073136292,9.669,21.7,184.9,182.9,,,,,,nan,9.7,16.9,434.6,4.1,80.0,548.4,4.0,80.0,548.2,3.9,8.0,438.5
cubic_600.txt,600,900,0.005008347245409015,10,514.0,517.4,520.0,1.837873166945363,16.136,17.5621,22.586,2.2852112691049906,9.6723,22.1,187.0,185.0,,,,,,nan,9.4,19.0,517.9,4.5,80.0,659.7,4.1,80.0,659.5,4.1,8.0,520.5
cubic_700.txt,700,1050,0.004291845493562232,10,592.0,603.1,610.0,4.909175083453431,19.433,22.5591,25.891,1.9171097140110565,17.1058,25.5,189.4,187.4,,,,,,nan,12.6,21.4,603.1,4.3,80.0,770.8,4.5,80.0,770.8,4.1,8.0,610.7
cubic_800.txt,800,1200,0.0037546933667083854,10,690.0,694.1,701.0,3.5103022978402048,17.729,21.163800000000002,26.974,3.6093386836556824,16.4015,27.4,192.0,190.0,,,,,,nan,13.5,24.0,694.1,4.6,80.0,881.7,5.2,80.0,881.9,4.1,8.0,702.4
cubic_900.txt,900,1350,0.0033370411568409346,10,775.0,782.5,794.0,5.359311730271176,22.633,24.1383,27.382,1.4659132951470526,17.799100000000003,27.0,193.2,191.2,,,,,,nan,14.4,25.2,782.6,5.8,80.0,991.7,3.6,80.0,991.7,3.2,8.0,793.4
